"","Zona","Fecha","Temperatura","Hum_Rel","Rocio","Dia","Hora","Iluminacion"
"1","Fuera","2017.06.10 00:09:37",19.8,79.8,16.2,10,0,"N"
"2","Fuera","2017.06.10 00:19:37",19.9,79.7,16.3,10,0,"N"
"3","Fuera","2017.06.10 00:29:37",19.9,79.6,16.3,10,0,"N"
"4","Fuera","2017.06.10 00:39:37",20,79.6,16.4,10,0,"N"
"5","Fuera","2017.06.10 00:49:37",20.1,79.3,16.4,10,0,"N"
"6","Fuera","2017.06.10 00:59:37",20.2,79.1,16.5,10,0,"N"
"7","Fuera","2017.06.10 01:09:37",20.2,79,16.5,10,1,"N"
"8","Fuera","2017.06.10 01:19:37",20.3,78.8,16.5,10,1,"N"
"9","Fuera","2017.06.10 01:29:37",20.3,78.8,16.5,10,1,"N"
"10","Fuera","2017.06.10 01:39:37",20.3,78.8,16.5,10,1,"N"
"11","Fuera","2017.06.10 01:49:37",20.3,78.7,16.5,10,1,"N"
"12","Fuera","2017.06.10 01:59:37",20.4,78.6,16.5,10,1,"N"
"13","Fuera","2017.06.10 02:09:37",20.4,78.5,16.5,10,2,"N"
"14","Fuera","2017.06.10 02:19:37",20.3,78.4,16.4,10,2,"N"
"15","Fuera","2017.06.10 02:29:37",20.3,78.4,16.5,10,2,"N"
"16","Fuera","2017.06.10 02:39:37",20.3,78.5,16.5,10,2,"N"
"17","Fuera","2017.06.10 02:49:37",20.4,78.4,16.5,10,2,"N"
"18","Fuera","2017.06.10 02:59:37",20.4,78.4,16.5,10,2,"N"
"19","Fuera","2017.06.10 03:09:37",20.4,78.5,16.5,10,3,"N"
"20","Fuera","2017.06.10 03:19:37",20.4,78.3,16.5,10,3,"N"
"21","Fuera","2017.06.10 03:29:37",20.3,78.3,16.4,10,3,"N"
"22","Fuera","2017.06.10 03:39:37",20.3,78.4,16.4,10,3,"N"
"23","Fuera","2017.06.10 03:49:37",20.3,78.4,16.4,10,3,"N"
"24","Fuera","2017.06.10 03:59:37",20.3,78.3,16.4,10,3,"N"
"25","Fuera","2017.06.10 04:09:37",20.3,78.3,16.4,10,4,"N"
"26","Fuera","2017.06.10 04:19:37",20.2,78.3,16.3,10,4,"N"
"27","Fuera","2017.06.10 04:29:37",20.1,78.4,16.3,10,4,"N"
"28","Fuera","2017.06.10 04:39:37",20.1,78.6,16.3,10,4,"N"
"29","Fuera","2017.06.10 04:49:37",20.1,78.7,16.3,10,4,"N"
"30","Fuera","2017.06.10 04:59:37",20.1,78.7,16.3,10,4,"N"
"31","Fuera","2017.06.10 05:09:37",20,78.8,16.2,10,5,"N"
"32","Fuera","2017.06.10 05:19:37",20,78.8,16.2,10,5,"N"
"33","Fuera","2017.06.10 05:29:37",20,78.9,16.2,10,5,"N"
"34","Fuera","2017.06.10 05:39:37",20,78.8,16.3,10,5,"N"
"35","Fuera","2017.06.10 05:49:37",20,78.9,16.3,10,5,"N"
"36","Fuera","2017.06.10 05:59:37",20,79,16.3,10,5,"N"
"37","Fuera","2017.06.10 06:09:37",20.1,79,16.3,10,6,"N"
"38","Fuera","2017.06.10 06:19:37",20,78.9,16.3,10,6,"N"
"39","Fuera","2017.06.10 06:29:37",20,79,16.3,10,6,"N"
"40","Fuera","2017.06.10 06:39:37",20,79,16.3,10,6,"N"
"41","Fuera","2017.06.10 06:49:37",20,79.2,16.3,10,6,"N"
"42","Fuera","2017.06.10 06:59:37",20.1,79.3,16.4,10,6,"N"
"43","Fuera","2017.06.10 07:09:37",20.3,79.2,16.5,10,7,"N"
"44","Fuera","2017.06.10 07:19:37",20.5,79,16.7,10,7,"N"
"45","Fuera","2017.06.10 07:29:37",20.7,78.7,16.9,10,7,"N"
"46","Fuera","2017.06.10 07:39:37",21,78.2,17,10,7,"N"
"47","Fuera","2017.06.10 07:49:37",21.4,77.8,17.4,10,7,"N"
"48","Fuera","2017.06.10 07:59:37",21.8,76.9,17.6,10,7,"N"
"49","Fuera","2017.06.10 08:09:37",22,76.3,17.6,10,8,"D"
"50","Fuera","2017.06.10 08:19:37",22,75.9,17.5,10,8,"D"
"51","Fuera","2017.06.10 08:29:37",22,75.8,17.5,10,8,"D"
"52","Fuera","2017.06.10 08:39:37",22.1,75.6,17.6,10,8,"D"
"53","Fuera","2017.06.10 08:49:37",22.3,75.4,17.7,10,8,"D"
"54","Fuera","2017.06.10 08:59:37",22.8,74.7,18,10,8,"D"
"55","Fuera","2017.06.10 09:09:37",22.9,74.1,18.1,10,9,"D"
"56","Fuera","2017.06.10 09:19:37",23.3,73.6,18.3,10,9,"D"
"57","Fuera","2017.06.10 09:29:37",23.6,72.8,18.4,10,9,"D"
"58","Fuera","2017.06.10 09:39:37",23.9,72.3,18.6,10,9,"D"
"59","Fuera","2017.06.10 09:49:37",24.6,71.2,19,10,9,"D"
"60","Fuera","2017.06.10 09:59:37",25.5,69.7,19.5,10,9,"D"
"61","Fuera","2017.06.10 10:09:37",27.3,67.3,20.7,10,10,"D"
"62","Fuera","2017.06.10 10:19:37",28.8,63.6,21.2,10,10,"D"
"63","Fuera","2017.06.10 10:29:37",29.4,61.3,21.2,10,10,"D"
"64","Fuera","2017.06.10 10:39:37",29.9,59.9,21.2,10,10,"D"
"65","Fuera","2017.06.10 10:49:37",29.5,59,20.7,10,10,"D"
"66","Fuera","2017.06.10 10:59:37",29.4,58.8,20.5,10,10,"D"
"67","Fuera","2017.06.10 11:09:37",29.4,58.6,20.4,10,11,"D"
"68","Fuera","2017.06.10 11:19:37",29.7,58.1,20.6,10,11,"D"
"69","Fuera","2017.06.10 11:29:37",30.2,57,20.7,10,11,"D"
"70","Fuera","2017.06.10 11:39:37",30.5,56.3,20.8,10,11,"D"
"71","Fuera","2017.06.10 11:49:37",31.2,55.5,21.2,10,11,"D"
"72","Fuera","2017.06.10 11:59:37",31.7,54,21.2,10,11,"D"
"73","Fuera","2017.06.10 12:09:37",32,53.2,21.3,10,12,"D"
"74","Fuera","2017.06.10 12:19:37",32.3,52.7,21.4,10,12,"D"
"75","Fuera","2017.06.10 12:29:37",33.3,51.3,21.9,10,12,"D"
"76","Fuera","2017.06.10 12:39:37",33.9,50,22,10,12,"D"
"77","Fuera","2017.06.10 12:49:37",32.7,50,20.9,10,12,"D"
"78","Fuera","2017.06.10 12:59:37",31.5,51.5,20.3,10,12,"D"
"79","Fuera","2017.06.10 13:09:37",32.3,51.3,21,10,13,"D"
"80","Fuera","2017.06.10 13:19:37",34.1,50.1,22.2,10,13,"D"
"81","Fuera","2017.06.10 13:29:37",37.3,46.6,23.9,10,13,"D"
"82","Fuera","2017.06.10 13:39:37",38.9,43.7,24.3,10,13,"D"
"83","Fuera","2017.06.10 13:49:37",41,41.4,25.3,10,13,"D"
"84","Fuera","2017.06.10 13:59:37",41.6,39.5,25,10,13,"D"
"85","Fuera","2017.06.10 14:09:37",40.6,39.5,24.1,10,14,"D"
"86","Fuera","2017.06.10 14:19:37",38.2,40.4,22.3,10,14,"D"
"87","Fuera","2017.06.10 14:29:37",36.7,41.8,21.6,10,14,"D"
"88","Fuera","2017.06.10 14:39:37",36.9,42.9,22.2,10,14,"D"
"89","Fuera","2017.06.10 14:49:37",37,42.4,22.1,10,14,"D"
"90","Fuera","2017.06.10 14:59:37",35.5,43.4,21.1,10,14,"D"
"91","Fuera","2017.06.10 15:09:37",35.7,44.2,21.6,10,15,"D"
"92","Fuera","2017.06.10 15:19:37",37.1,43.2,22.5,10,15,"D"
"93","Fuera","2017.06.10 15:29:37",37.9,42.2,22.8,10,15,"D"
"94","Fuera","2017.06.10 15:39:37",38.5,41.6,23.1,10,15,"D"
"95","Fuera","2017.06.10 15:49:37",39,41.1,23.4,10,15,"D"
"96","Fuera","2017.06.10 15:59:37",38.9,40.6,23,10,15,"D"
"97","Fuera","2017.06.10 16:09:37",39.7,40.3,23.6,10,16,"D"
"98","Fuera","2017.06.10 16:19:37",40.3,39.6,23.9,10,16,"D"
"99","Fuera","2017.06.10 16:29:37",40.3,39,23.7,10,16,"D"
"100","Fuera","2017.06.10 16:39:37",38.9,39.3,22.5,10,16,"D"
"101","Fuera","2017.06.10 16:49:37",35.4,42.4,20.6,10,16,"D"
"102","Fuera","2017.06.10 16:59:37",34.6,44.2,20.6,10,16,"D"
"103","Fuera","2017.06.10 17:09:37",33.8,45.5,20.4,10,17,"D"
"104","Fuera","2017.06.10 17:19:37",31.9,47.5,19.3,10,17,"D"
"105","Fuera","2017.06.10 17:29:37",29.9,50.7,18.6,10,17,"D"
"106","Fuera","2017.06.10 17:39:37",28.7,53.3,18.3,10,17,"D"
"107","Fuera","2017.06.10 17:49:37",27.8,55.4,18.1,10,17,"D"
"108","Fuera","2017.06.10 17:59:37",27,57.2,17.8,10,17,"D"
"109","Fuera","2017.06.10 18:09:37",26.5,58.7,17.8,10,18,"D"
"110","Fuera","2017.06.10 18:19:37",26.1,59.9,17.7,10,18,"D"
"111","Fuera","2017.06.10 18:29:37",25.7,61.1,17.6,10,18,"D"
"112","Fuera","2017.06.10 18:39:37",25.2,62.4,17.5,10,18,"D"
"113","Fuera","2017.06.10 18:49:37",24.8,63.4,17.4,10,18,"D"
"114","Fuera","2017.06.10 18:59:37",24.5,64.4,17.3,10,18,"D"
"115","Fuera","2017.06.10 19:09:37",24.3,65.2,17.3,10,19,"N"
"116","Fuera","2017.06.10 19:19:37",24,66.1,17.3,10,19,"N"
"117","Fuera","2017.06.10 19:29:37",23.7,66.9,17.2,10,19,"N"
"118","Fuera","2017.06.10 19:39:37",23.4,67.6,17,10,19,"N"
"119","Fuera","2017.06.10 19:49:37",23.1,68.4,16.9,10,19,"N"
"120","Fuera","2017.06.10 19:59:37",22.8,69.1,16.8,10,19,"N"
"121","Fuera","2017.06.10 20:09:37",22.5,70,16.7,10,20,"N"
"122","Fuera","2017.06.10 20:19:37",22.3,70.6,16.7,10,20,"N"
"123","Fuera","2017.06.10 20:29:37",22.2,71.1,16.7,10,20,"N"
"124","Fuera","2017.06.10 20:39:37",22,71.8,16.7,10,20,"N"
"125","Fuera","2017.06.10 20:49:37",21.9,72.3,16.7,10,20,"N"
"126","Fuera","2017.06.10 20:59:37",21.8,72.8,16.7,10,20,"N"
"127","Fuera","2017.06.10 21:09:37",21.7,73,16.7,10,21,"N"
"128","Fuera","2017.06.10 21:19:37",21.6,73.5,16.7,10,21,"N"
"129","Fuera","2017.06.10 21:29:37",21.4,73.7,16.5,10,21,"N"
"130","Fuera","2017.06.10 21:39:37",21.2,73.7,16.4,10,21,"N"
"131","Fuera","2017.06.10 21:49:37",21.1,73.9,16.2,10,21,"N"
"132","Fuera","2017.06.10 21:59:37",20.9,74.1,16.1,10,21,"N"
"133","Fuera","2017.06.10 22:09:37",20.8,74.4,16,10,22,"N"
"134","Fuera","2017.06.10 22:19:37",20.6,74.7,15.9,10,22,"N"
"135","Fuera","2017.06.10 22:29:37",20.4,75.1,15.9,10,22,"N"
"136","Fuera","2017.06.10 22:39:37",20.3,75.6,15.9,10,22,"N"
"137","Fuera","2017.06.10 22:49:37",20.3,76.1,15.9,10,22,"N"
"138","Fuera","2017.06.10 22:59:37",20.3,76.4,16,10,22,"N"
"139","Fuera","2017.06.10 23:09:37",20.3,76.7,16,10,23,"N"
"140","Fuera","2017.06.10 23:19:37",20.3,77.1,16.2,10,23,"N"
"141","Fuera","2017.06.10 23:29:37",20.5,77.2,16.4,10,23,"N"
"142","Fuera","2017.06.10 23:39:37",20.6,77.2,16.5,10,23,"N"
"143","Fuera","2017.06.10 23:49:37",20.6,77.2,16.5,10,23,"N"
"144","Fuera","2017.06.10 23:59:37",20.6,77.5,16.5,10,23,"N"
"145","Fuera","2017.06.11 00:09:37",20.6,77.7,16.6,11,0,"N"
"146","Fuera","2017.06.11 00:19:37",20.7,77.7,16.7,11,0,"N"
"147","Fuera","2017.06.11 00:29:37",20.7,77.8,16.7,11,0,"N"
"148","Fuera","2017.06.11 00:39:37",20.8,77.8,16.8,11,0,"N"
"149","Fuera","2017.06.11 00:49:37",20.8,77.6,16.8,11,0,"N"
"150","Fuera","2017.06.11 00:59:37",20.8,77.5,16.7,11,0,"N"
"151","Fuera","2017.06.11 01:09:37",20.8,77.6,16.7,11,1,"N"
"152","Fuera","2017.06.11 01:19:37",20.7,77.5,16.7,11,1,"N"
"153","Fuera","2017.06.11 01:29:37",20.8,77.6,16.7,11,1,"N"
"154","Fuera","2017.06.11 01:39:37",20.7,77.7,16.7,11,1,"N"
"155","Fuera","2017.06.11 01:49:37",20.7,77.8,16.7,11,1,"N"
"156","Fuera","2017.06.11 01:59:37",20.7,78,16.7,11,1,"N"
"157","Fuera","2017.06.11 02:09:37",20.7,78.1,16.7,11,2,"N"
"158","Fuera","2017.06.11 02:19:37",20.7,78.1,16.8,11,2,"N"
"159","Fuera","2017.06.11 02:29:37",20.7,78.1,16.8,11,2,"N"
"160","Fuera","2017.06.11 02:39:37",20.7,78,16.7,11,2,"N"
"161","Fuera","2017.06.11 02:49:37",20.7,77.9,16.7,11,2,"N"
"162","Fuera","2017.06.11 02:59:37",20.6,78.1,16.6,11,2,"N"
"163","Fuera","2017.06.11 03:09:37",20.6,78.2,16.7,11,3,"N"
"164","Fuera","2017.06.11 03:19:37",20.6,78.1,16.7,11,3,"N"
"165","Fuera","2017.06.11 03:29:37",20.6,78.1,16.7,11,3,"N"
"166","Fuera","2017.06.11 03:39:37",20.6,78.2,16.7,11,3,"N"
"167","Fuera","2017.06.11 03:49:37",20.6,78.1,16.6,11,3,"N"
"168","Fuera","2017.06.11 03:59:37",20.6,78.2,16.6,11,3,"N"
"169","Fuera","2017.06.11 04:09:37",20.5,78.2,16.6,11,4,"N"
"170","Fuera","2017.06.11 04:19:37",20.5,78.2,16.6,11,4,"N"
"171","Fuera","2017.06.11 04:29:37",20.5,78.2,16.6,11,4,"N"
"172","Fuera","2017.06.11 04:39:37",20.5,78.2,16.6,11,4,"N"
"173","Fuera","2017.06.11 04:49:37",20.5,78,16.6,11,4,"N"
"174","Fuera","2017.06.11 04:59:37",20.5,77.7,16.5,11,4,"N"
"175","Fuera","2017.06.11 05:09:37",20.5,77.6,16.4,11,5,"N"
"176","Fuera","2017.06.11 05:19:37",20.5,77.5,16.4,11,5,"N"
"177","Fuera","2017.06.11 05:29:37",20.4,77.4,16.3,11,5,"N"
"178","Fuera","2017.06.11 05:39:37",20.4,77.5,16.4,11,5,"N"
"179","Fuera","2017.06.11 05:49:37",20.4,77.4,16.3,11,5,"N"
"180","Fuera","2017.06.11 05:59:37",20.4,77.6,16.3,11,5,"N"
"181","Fuera","2017.06.11 06:09:37",20.4,77.7,16.3,11,6,"N"
"182","Fuera","2017.06.11 06:19:37",20.3,77.8,16.3,11,6,"N"
"183","Fuera","2017.06.11 06:29:37",20.3,77.9,16.3,11,6,"N"
"184","Fuera","2017.06.11 06:39:37",20.4,77.9,16.4,11,6,"N"
"185","Fuera","2017.06.11 06:49:37",20.4,77.9,16.4,11,6,"N"
"186","Fuera","2017.06.11 06:59:37",20.4,78,16.5,11,6,"N"
"187","Fuera","2017.06.11 07:09:37",20.5,77.9,16.5,11,7,"N"
"188","Fuera","2017.06.11 07:19:37",20.6,77.7,16.6,11,7,"N"
"189","Fuera","2017.06.11 07:29:37",20.8,77.8,16.7,11,7,"N"
"190","Fuera","2017.06.11 07:39:37",20.7,77.9,16.7,11,7,"N"
"191","Fuera","2017.06.11 07:49:37",20.8,78.2,16.8,11,7,"N"
"192","Fuera","2017.06.11 07:59:37",21.3,77.8,17.2,11,7,"N"
"193","Fuera","2017.06.11 08:09:37",22.3,76.7,18,11,8,"D"
"194","Fuera","2017.06.11 08:19:37",23.2,74.8,18.5,11,8,"D"
"195","Fuera","2017.06.11 08:29:37",23,74.1,18.1,11,8,"D"
"196","Fuera","2017.06.11 08:39:37",22.8,73.7,17.9,11,8,"D"
"197","Fuera","2017.06.11 08:49:37",23.9,73.4,18.8,11,8,"D"
"198","Fuera","2017.06.11 08:59:37",24.4,71.8,18.9,11,8,"D"
"199","Fuera","2017.06.11 09:09:37",25.3,69.9,19.4,11,9,"D"
"200","Fuera","2017.06.11 09:19:37",26.1,68.6,19.8,11,9,"D"
"201","Fuera","2017.06.11 09:29:37",28.1,66.1,21.2,11,9,"D"
"202","Fuera","2017.06.11 09:39:37",29.8,62,21.7,11,9,"D"
"203","Fuera","2017.06.11 09:49:37",30,60,21.4,11,9,"D"
"204","Fuera","2017.06.11 09:59:37",30.1,58.7,21.1,11,9,"D"
"205","Fuera","2017.06.11 10:09:37",30.1,57.6,20.9,11,10,"D"
"206","Fuera","2017.06.11 10:19:37",29.8,57.7,20.5,11,10,"D"
"207","Fuera","2017.06.11 10:29:37",31,56.7,21.4,11,10,"D"
"208","Fuera","2017.06.11 10:39:37",32,54.9,21.8,11,10,"D"
"209","Fuera","2017.06.11 10:49:37",34.1,52.7,23.1,11,10,"D"
"210","Fuera","2017.06.11 10:59:37",36.8,48.8,24.2,11,10,"D"
"211","Fuera","2017.06.11 11:09:37",38.5,45.8,24.7,11,11,"D"
"212","Fuera","2017.06.11 11:19:37",39.1,43.8,24.6,11,11,"D"
"213","Fuera","2017.06.11 11:29:37",42.4,41.3,26.5,11,11,"D"
"214","Fuera","2017.06.11 11:39:37",42.1,39.2,25.3,11,11,"D"
"215","Fuera","2017.06.11 11:49:37",43.2,38.4,26,11,11,"D"
"216","Fuera","2017.06.11 11:59:37",44.7,35.9,26.1,11,11,"D"
"217","Fuera","2017.06.11 12:09:37",42.9,35.3,24.3,11,12,"D"
"218","Fuera","2017.06.11 12:19:37",41.5,36.2,23.5,11,12,"D"
"219","Fuera","2017.06.11 12:29:37",40.5,37.1,23,11,12,"D"
"220","Fuera","2017.06.11 12:39:37",40.6,37.3,23.2,11,12,"D"
"221","Fuera","2017.06.11 12:49:37",39.8,37,22.3,11,12,"D"
"222","Fuera","2017.06.11 12:59:37",38.4,37.9,21.5,11,12,"D"
"223","Fuera","2017.06.11 13:09:37",37,39.6,21,11,13,"D"
"224","Fuera","2017.06.11 13:19:37",36.9,40,21,11,13,"D"
"225","Fuera","2017.06.11 13:29:37",36.7,40.5,21.1,11,13,"D"
"226","Fuera","2017.06.11 13:39:37",37,40.3,21.3,11,13,"D"
"227","Fuera","2017.06.11 13:49:37",36.9,40.5,21.3,11,13,"D"
"228","Fuera","2017.06.11 13:59:37",36.5,40.8,21,11,13,"D"
"229","Fuera","2017.06.11 14:09:37",35.3,42.3,20.6,11,14,"D"
"230","Fuera","2017.06.11 14:19:37",34.7,43,20.2,11,14,"D"
"231","Fuera","2017.06.11 14:29:37",34.8,43.3,20.4,11,14,"D"
"232","Fuera","2017.06.11 14:39:37",35.5,43.3,21.1,11,14,"D"
"233","Fuera","2017.06.11 14:49:37",36.6,42.2,21.6,11,14,"D"
"234","Fuera","2017.06.11 14:59:37",36.7,41.3,21.4,11,14,"D"
"235","Fuera","2017.06.11 15:09:37",35.7,41.8,20.7,11,15,"D"
"236","Fuera","2017.06.11 15:19:37",34.8,43.3,20.5,11,15,"D"
"237","Fuera","2017.06.11 15:29:37",37.5,41.4,22.1,11,15,"D"
"238","Fuera","2017.06.11 15:39:37",37.7,40.6,22,11,15,"D"
"239","Fuera","2017.06.11 15:49:37",37.1,40.7,21.5,11,15,"D"
"240","Fuera","2017.06.11 15:59:37",36,41.7,21,11,15,"D"
"241","Fuera","2017.06.11 16:09:37",35.2,43,20.7,11,16,"D"
"242","Fuera","2017.06.11 16:19:37",33.8,44.4,20,11,16,"D"
"243","Fuera","2017.06.11 16:29:37",32.7,45.9,19.6,11,16,"D"
"244","Fuera","2017.06.11 16:39:37",31.7,47.5,19.2,11,16,"D"
"245","Fuera","2017.06.11 16:49:37",31.3,48.7,19.2,11,16,"D"
"246","Fuera","2017.06.11 16:59:37",31.1,49.4,19.3,11,16,"D"
"247","Fuera","2017.06.11 17:09:37",30.6,49.9,19,11,17,"D"
"248","Fuera","2017.06.11 17:19:37",30,50.8,18.7,11,17,"D"
"249","Fuera","2017.06.11 17:29:37",29.4,51.8,18.4,11,17,"D"
"250","Fuera","2017.06.11 17:39:37",28.5,53.3,18.1,11,17,"D"
"251","Fuera","2017.06.11 17:49:37",27.7,54.7,17.8,11,17,"D"
"252","Fuera","2017.06.11 17:59:37",27.2,56,17.6,11,17,"D"
"253","Fuera","2017.06.11 18:09:37",26.7,57.2,17.5,11,18,"D"
"254","Fuera","2017.06.11 18:19:37",26.3,58.3,17.4,11,18,"D"
"255","Fuera","2017.06.11 18:29:37",25.9,59.5,17.4,11,18,"D"
"256","Fuera","2017.06.11 18:39:37",25.5,60.6,17.4,11,18,"D"
"257","Fuera","2017.06.11 18:49:37",25.2,61.6,17.3,11,18,"D"
"258","Fuera","2017.06.11 18:59:37",24.9,62.6,17.2,11,18,"D"
"259","Fuera","2017.06.11 19:09:37",24.6,63.6,17.2,11,19,"N"
"260","Fuera","2017.06.11 19:19:37",24.4,64.2,17.2,11,19,"N"
"261","Fuera","2017.06.11 19:29:37",24.2,64.8,17.2,11,19,"N"
"262","Fuera","2017.06.11 19:39:37",24,65.3,17.1,11,19,"N"
"263","Fuera","2017.06.11 19:49:37",23.8,66,17,11,19,"N"
"264","Fuera","2017.06.11 19:59:37",23.6,66.7,17,11,19,"N"
"265","Fuera","2017.06.11 20:09:37",23.4,67.3,17,11,20,"N"
"266","Fuera","2017.06.11 20:19:37",23.1,67.9,16.9,11,20,"N"
"267","Fuera","2017.06.11 20:29:37",22.8,68.6,16.7,11,20,"N"
"268","Fuera","2017.06.11 20:39:37",22.4,69.5,16.6,11,20,"N"
"269","Fuera","2017.06.11 20:49:37",22.1,70.5,16.5,11,20,"N"
"270","Fuera","2017.06.11 20:59:37",21.9,71.3,16.4,11,20,"N"
"271","Fuera","2017.06.11 21:09:37",21.6,72,16.4,11,21,"N"
"272","Fuera","2017.06.11 21:19:37",21.4,72.6,16.3,11,21,"N"
"273","Fuera","2017.06.11 21:29:37",21.2,73.1,16.2,11,21,"N"
"274","Fuera","2017.06.11 21:39:37",21.1,73.7,16.2,11,21,"N"
"275","Fuera","2017.06.11 21:49:37",21,74.3,16.2,11,21,"N"
"276","Fuera","2017.06.11 21:59:37",20.8,74.8,16.2,11,21,"N"
"277","Fuera","2017.06.11 22:09:37",20.7,75.3,16.2,11,22,"N"
"278","Fuera","2017.06.11 22:19:37",20.6,75.5,16.2,11,22,"N"
"279","Fuera","2017.06.11 22:29:37",20.5,75.7,16,11,22,"N"
"280","Fuera","2017.06.11 22:39:37",20.3,76,15.9,11,22,"N"
"281","Fuera","2017.06.11 22:49:37",20.2,76.2,15.9,11,22,"N"
"282","Fuera","2017.06.11 22:59:37",20.2,76.4,15.9,11,22,"N"
"283","Fuera","2017.06.11 23:09:37",20.1,76.6,15.9,11,23,"N"
"284","Fuera","2017.06.11 23:19:37",20.1,76.6,15.9,11,23,"N"
"285","Fuera","2017.06.11 23:29:37",20.1,76.8,15.9,11,23,"N"
"286","Fuera","2017.06.11 23:39:37",20.1,76.9,15.9,11,23,"N"
"287","Fuera","2017.06.11 23:49:37",20,77,15.8,11,23,"N"
"288","Fuera","2017.06.11 23:59:37",20,77.3,15.9,11,23,"N"
"289","Fuera","2017.06.12 00:09:37",20.3,77.2,16.1,12,0,"N"
"290","Fuera","2017.06.12 00:19:37",20.5,77,16.3,12,0,"N"
"291","Fuera","2017.06.12 00:29:37",20.6,76.7,16.4,12,0,"N"
"292","Fuera","2017.06.12 00:39:37",20.7,76.6,16.5,12,0,"N"
"293","Fuera","2017.06.12 00:49:37",20.7,76.5,16.5,12,0,"N"
"294","Fuera","2017.06.12 00:59:37",20.7,76.6,16.5,12,0,"N"
"295","Fuera","2017.06.12 01:09:37",20.8,76.5,16.5,12,1,"N"
"296","Fuera","2017.06.12 01:19:37",20.7,76.7,16.5,12,1,"N"
"297","Fuera","2017.06.12 01:29:37",20.7,76.6,16.5,12,1,"N"
"298","Fuera","2017.06.12 01:39:37",20.7,76.5,16.5,12,1,"N"
"299","Fuera","2017.06.12 01:49:37",20.8,76.4,16.5,12,1,"N"
"300","Fuera","2017.06.12 01:59:37",20.8,76.5,16.5,12,1,"N"
"301","Fuera","2017.06.12 02:09:37",20.8,76.4,16.5,12,2,"N"
"302","Fuera","2017.06.12 02:19:37",20.8,76.3,16.4,12,2,"N"
"303","Fuera","2017.06.12 02:29:37",20.8,76.1,16.5,12,2,"N"
"304","Fuera","2017.06.12 02:39:37",20.9,76,16.5,12,2,"N"
"305","Fuera","2017.06.12 02:49:37",20.8,75.8,16.4,12,2,"N"
"306","Fuera","2017.06.12 02:59:37",20.9,75.7,16.4,12,2,"N"
"307","Fuera","2017.06.12 03:09:37",20.9,75.6,16.4,12,3,"N"
"308","Fuera","2017.06.12 03:19:37",20.9,75.4,16.4,12,3,"N"
"309","Fuera","2017.06.12 03:29:37",20.9,75.2,16.3,12,3,"N"
"310","Fuera","2017.06.12 03:39:37",20.9,75.2,16.3,12,3,"N"
"311","Fuera","2017.06.12 03:49:37",20.9,75.1,16.3,12,3,"N"
"312","Fuera","2017.06.12 03:59:37",20.9,75,16.3,12,3,"N"
"313","Fuera","2017.06.12 04:09:37",20.9,74.9,16.3,12,4,"N"
"314","Fuera","2017.06.12 04:19:37",20.9,74.9,16.3,12,4,"N"
"315","Fuera","2017.06.12 04:29:37",20.9,74.9,16.3,12,4,"N"
"316","Fuera","2017.06.12 04:39:37",20.9,74.7,16.3,12,4,"N"
"317","Fuera","2017.06.12 04:49:37",20.9,74.8,16.3,12,4,"N"
"318","Fuera","2017.06.12 04:59:37",20.9,74.8,16.3,12,4,"N"
"319","Fuera","2017.06.12 05:09:37",21,74.8,16.3,12,5,"N"
"320","Fuera","2017.06.12 05:19:37",21,74.8,16.3,12,5,"N"
"321","Fuera","2017.06.12 05:29:37",21,74.8,16.3,12,5,"N"
"322","Fuera","2017.06.12 05:39:37",20.9,74.7,16.3,12,5,"N"
"323","Fuera","2017.06.12 05:49:37",20.9,74.7,16.2,12,5,"N"
"324","Fuera","2017.06.12 05:59:37",20.9,74.7,16.3,12,5,"N"
"325","Fuera","2017.06.12 06:09:37",20.9,74.7,16.2,12,6,"N"
"326","Fuera","2017.06.12 06:19:37",20.9,74.8,16.3,12,6,"N"
"327","Fuera","2017.06.12 06:29:37",20.9,74.8,16.2,12,6,"N"
"328","Fuera","2017.06.12 06:39:37",20.9,74.8,16.3,12,6,"N"
"329","Fuera","2017.06.12 06:49:37",20.9,74.8,16.3,12,6,"N"
"330","Fuera","2017.06.12 06:59:37",21,74.7,16.4,12,6,"N"
"331","Fuera","2017.06.12 07:09:37",21.2,74.6,16.5,12,7,"N"
"332","Fuera","2017.06.12 07:19:37",21.4,74.3,16.6,12,7,"N"
"333","Fuera","2017.06.12 07:29:37",21.7,74,16.8,12,7,"N"
"334","Fuera","2017.06.12 07:39:37",21.9,73.6,17,12,7,"N"
"335","Fuera","2017.06.12 07:49:37",22.1,73.1,17.1,12,7,"N"
"336","Fuera","2017.06.12 07:59:37",22.2,72.8,17.1,12,7,"N"
"337","Fuera","2017.06.12 08:09:37",22.5,72.4,17.3,12,8,"D"
"338","Fuera","2017.06.12 08:19:37",23.1,71.8,17.8,12,8,"D"
"339","Fuera","2017.06.12 08:29:37",23.7,70.8,18.1,12,8,"D"
"340","Fuera","2017.06.12 08:39:37",25,69.5,19.1,12,8,"D"
"341","Fuera","2017.06.12 08:49:37",26.9,66.8,20.2,12,8,"D"
"342","Fuera","2017.06.12 08:59:37",27.9,63.8,20.4,12,8,"D"
"343","Fuera","2017.06.12 09:09:37",28.8,61.7,20.7,12,9,"D"
"344","Fuera","2017.06.12 09:19:37",29.5,60.1,20.9,12,9,"D"
"345","Fuera","2017.06.12 09:29:37",30.3,57.9,21.1,12,9,"D"
"346","Fuera","2017.06.12 09:39:37",32,55.7,22.1,12,9,"D"
"347","Fuera","2017.06.12 09:49:37",33.3,53.6,22.6,12,9,"D"
"348","Fuera","2017.06.12 09:59:37",33.8,51.9,22.5,12,9,"D"
"349","Fuera","2017.06.12 10:09:37",34,50.8,22.3,12,10,"D"
"350","Fuera","2017.06.12 10:19:37",34.4,49.8,22.4,12,10,"D"
"351","Fuera","2017.06.12 10:29:37",34.8,49.1,22.5,12,10,"D"
"352","Fuera","2017.06.12 10:39:37",36,47.4,23.1,12,10,"D"
"353","Fuera","2017.06.12 10:49:37",36.9,45.8,23.3,12,10,"D"
"354","Fuera","2017.06.12 10:59:37",37.4,44.9,23.4,12,10,"D"
"355","Fuera","2017.06.12 11:09:37",37.7,43.9,23.3,12,11,"D"
"356","Fuera","2017.06.12 11:19:37",38.4,43.2,23.7,12,11,"D"
"357","Fuera","2017.06.12 11:29:37",39.5,41.8,24.2,12,11,"D"
"358","Fuera","2017.06.12 11:39:37",41.7,39.7,25.2,12,11,"D"
"359","Fuera","2017.06.12 11:49:37",43.6,37.9,26.1,12,11,"D"
"360","Fuera","2017.06.12 11:59:37",42.7,36.6,24.7,12,11,"D"
"361","Fuera","2017.06.12 12:09:37",42.5,36.3,24.4,12,12,"D"
"362","Fuera","2017.06.12 12:19:37",42.7,36.9,24.8,12,12,"D"
"363","Fuera","2017.06.12 12:29:37",42.7,36.6,24.7,12,12,"D"
"364","Fuera","2017.06.12 12:39:37",42.9,35.6,24.4,12,12,"D"
"365","Fuera","2017.06.12 12:49:37",42.1,35.2,23.6,12,12,"D"
"366","Fuera","2017.06.12 12:59:37",42.5,35.1,23.8,12,12,"D"
"367","Fuera","2017.06.12 13:09:37",42.6,35.8,24.2,12,13,"D"
"368","Fuera","2017.06.12 13:19:37",42.7,35.4,24.2,12,13,"D"
"369","Fuera","2017.06.12 13:29:37",43.2,35,24.4,12,13,"D"
"370","Fuera","2017.06.12 13:39:37",43.6,34.4,24.5,12,13,"D"
"371","Fuera","2017.06.12 13:49:37",43.7,34.4,24.5,12,13,"D"
"372","Fuera","2017.06.12 13:59:37",36.4,34.1,18,12,13,"D"
"373","Fuera","2017.06.12 14:09:37",32,37.8,15.8,12,14,"D"
"374","Fuera","2017.06.12 14:19:37",29.5,40.5,14.6,12,14,"D"
"375","Fuera","2017.06.12 14:29:37",27.9,43.5,14.4,12,14,"D"
"376","Fuera","2017.06.12 14:39:37",27.1,45.3,14.2,12,14,"D"
"377","Fuera","2017.06.12 14:49:37",31.8,44,18,12,14,"D"
"378","Fuera","2017.06.12 14:59:37",32.1,43.9,18.2,12,14,"D"
"379","Fuera","2017.06.12 15:09:37",28.2,53.5,17.8,12,15,"D"
"380","Fuera","2017.06.12 15:19:37",29,57.2,19.7,12,15,"D"
"381","Fuera","2017.06.12 15:29:37",30,58.9,21.1,12,15,"D"
"382","Fuera","2017.06.12 15:39:37",30.9,59.7,22.1,12,15,"D"
"383","Fuera","2017.06.12 15:49:37",31.7,60.4,23.1,12,15,"D"
"384","Fuera","2017.06.12 15:59:37",32.4,60.8,23.9,12,15,"D"
"385","Fuera","2017.06.12 16:09:37",33,60.6,24.3,12,16,"D"
"386","Fuera","2017.06.12 16:19:37",33.4,60.4,24.7,12,16,"D"
"387","Fuera","2017.06.12 16:29:37",33.8,60.4,25,12,16,"D"
"388","Fuera","2017.06.12 16:39:37",34.1,60.5,25.3,12,16,"D"
"389","Fuera","2017.06.12 16:49:37",34.4,60.6,25.6,12,16,"D"
"390","Fuera","2017.06.12 16:59:37",34.6,60.6,25.9,12,16,"D"
"391","Fuera","2017.06.12 17:09:37",34.8,60.5,26.1,12,17,"D"
"392","Fuera","2017.06.12 17:19:37",35,60.3,26.1,12,17,"D"
"393","Fuera","2017.06.12 17:29:37",35.1,60.2,26.2,12,17,"D"
"394","Fuera","2017.06.12 17:39:37",35.1,59.8,26.1,12,17,"D"
"395","Fuera","2017.06.12 17:49:37",34.9,59.3,25.8,12,17,"D"
"396","Fuera","2017.06.12 17:59:37",34.7,58.6,25.4,12,17,"D"
"397","Fuera","2017.06.12 18:09:37",34.3,58.1,24.8,12,18,"D"
"398","Fuera","2017.06.12 18:19:37",33.8,57.6,24.2,12,18,"D"
"399","Fuera","2017.06.12 18:29:37",33.2,57.1,23.6,12,18,"D"
"400","Fuera","2017.06.12 18:39:37",32.6,56.8,22.9,12,18,"D"
"401","Fuera","2017.06.12 18:49:37",32,56.6,22.3,12,18,"D"
"402","Fuera","2017.06.12 18:59:37",31.4,56.4,21.7,12,18,"D"
"403","Fuera","2017.06.12 19:09:37",30.8,56.2,21.1,12,19,"N"
"404","Fuera","2017.06.12 19:19:37",30.2,56.1,20.5,12,19,"N"
"405","Fuera","2017.06.12 19:29:37",29.7,56,20,12,19,"N"
"406","Fuera","2017.06.12 19:39:37",29.1,56,19.4,12,19,"N"
"407","Fuera","2017.06.12 19:49:37",28.6,56,19,12,19,"N"
"408","Fuera","2017.06.12 19:59:37",28.1,55.9,18.5,12,19,"N"
"409","Fuera","2017.06.12 20:09:37",27.7,56,18.1,12,20,"N"
"410","Fuera","2017.06.12 20:19:37",27.3,56,17.8,12,20,"N"
"411","Fuera","2017.06.12 20:29:37",26.9,56,17.4,12,20,"N"
"412","Fuera","2017.06.12 20:39:37",26.6,56.1,17.1,12,20,"N"
"413","Fuera","2017.06.12 20:49:37",26.2,56.1,16.8,12,20,"N"
"414","Fuera","2017.06.12 20:59:37",25.9,56.1,16.5,12,20,"N"
"415","Fuera","2017.06.12 21:09:37",25.6,56.2,16.3,12,21,"N"
"416","Fuera","2017.06.12 21:19:37",25.4,56.2,16,12,21,"N"
"417","Fuera","2017.06.12 21:29:37",25.1,56.2,15.8,12,21,"N"
"418","Fuera","2017.06.12 21:39:37",24.9,56.2,15.6,12,21,"N"
"419","Fuera","2017.06.12 21:49:37",24.7,56.2,15.4,12,21,"N"
"420","Fuera","2017.06.12 21:59:37",24.5,56.3,15.2,12,21,"N"
"421","Fuera","2017.06.12 22:09:37",24.3,56.3,15,12,22,"N"
"422","Fuera","2017.06.12 22:19:37",24.1,56.3,14.8,12,22,"N"
"423","Fuera","2017.06.12 22:29:37",23.9,56.3,14.7,12,22,"N"
"424","Fuera","2017.06.12 22:39:37",23.7,56.4,14.5,12,22,"N"
"425","Fuera","2017.06.12 22:49:37",23.6,56.4,14.4,12,22,"N"
"426","Fuera","2017.06.12 22:59:37",23.4,56.5,14.3,12,22,"N"
"427","Fuera","2017.06.12 23:09:37",23.3,56.5,14.2,12,23,"N"
"428","Fuera","2017.06.12 23:19:37",23.2,56.6,14.1,12,23,"N"
"429","Fuera","2017.06.12 23:29:37",23.1,56.6,14,12,23,"N"
"430","Fuera","2017.06.12 23:39:37",23,56.7,14,12,23,"N"
"431","Fuera","2017.06.12 23:49:37",22.9,56.7,13.9,12,23,"N"
"432","Fuera","2017.06.12 23:59:37",22.9,56.7,13.8,12,23,"N"
"433","Dentro","2017.06.21 00:09:38",20.6,77.8,16.6,21,0,"N"
"434","Dentro","2017.06.21 00:19:38",20.6,77.9,16.6,21,0,"N"
"435","Dentro","2017.06.21 00:29:38",20.7,77.9,16.7,21,0,"N"
"436","Dentro","2017.06.21 00:39:38",20.7,78,16.7,21,0,"N"
"437","Dentro","2017.06.21 00:49:38",20.7,77.9,16.7,21,0,"N"
"438","Dentro","2017.06.21 00:59:38",20.8,77.8,16.8,21,0,"N"
"439","Dentro","2017.06.21 01:09:38",20.8,77.8,16.7,21,1,"N"
"440","Dentro","2017.06.21 01:19:38",20.8,77.8,16.7,21,1,"N"
"441","Dentro","2017.06.21 01:29:38",20.7,77.9,16.7,21,1,"N"
"442","Dentro","2017.06.21 01:39:38",20.7,77.9,16.7,21,1,"N"
"443","Dentro","2017.06.21 01:49:38",20.7,77.9,16.7,21,1,"N"
"444","Dentro","2017.06.21 01:59:38",20.7,78.1,16.7,21,1,"N"
"445","Dentro","2017.06.21 02:09:38",20.6,78.2,16.7,21,2,"N"
"446","Dentro","2017.06.21 02:19:38",20.6,78.3,16.7,21,2,"N"
"447","Dentro","2017.06.21 02:29:38",20.6,78.4,16.7,21,2,"N"
"448","Dentro","2017.06.21 02:39:38",20.5,78.3,16.7,21,2,"N"
"449","Dentro","2017.06.21 02:49:38",20.4,78.2,16.5,21,2,"N"
"450","Dentro","2017.06.21 02:59:38",20.4,78.3,16.5,21,2,"N"
"451","Dentro","2017.06.21 03:09:38",20.4,78.4,16.5,21,3,"N"
"452","Dentro","2017.06.21 03:19:38",20.4,78.5,16.6,21,3,"N"
"453","Dentro","2017.06.21 03:29:38",20.4,78.5,16.6,21,3,"N"
"454","Dentro","2017.06.21 03:39:38",20.4,78.6,16.6,21,3,"N"
"455","Dentro","2017.06.21 03:49:38",20.4,78.7,16.6,21,3,"N"
"456","Dentro","2017.06.21 03:59:38",20.5,78.7,16.7,21,3,"N"
"457","Dentro","2017.06.21 04:09:38",20.5,78.8,16.7,21,4,"N"
"458","Dentro","2017.06.21 04:19:38",20.5,78.8,16.7,21,4,"N"
"459","Dentro","2017.06.21 04:29:38",20.5,78.8,16.7,21,4,"N"
"460","Dentro","2017.06.21 04:39:38",20.5,78.8,16.7,21,4,"N"
"461","Dentro","2017.06.21 04:49:38",20.5,78.8,16.7,21,4,"N"
"462","Dentro","2017.06.21 04:59:38",20.5,78.8,16.7,21,4,"N"
"463","Dentro","2017.06.21 05:09:38",20.5,78.9,16.7,21,5,"N"
"464","Dentro","2017.06.21 05:19:38",20.4,78.9,16.6,21,5,"N"
"465","Dentro","2017.06.21 05:29:38",20.4,79,16.6,21,5,"N"
"466","Dentro","2017.06.21 05:39:38",20.4,79.1,16.7,21,5,"N"
"467","Dentro","2017.06.21 05:49:38",20.4,79.1,16.6,21,5,"N"
"468","Dentro","2017.06.21 05:59:38",20.4,79.1,16.6,21,5,"N"
"469","Dentro","2017.06.21 06:09:38",20.4,79.1,16.6,21,6,"N"
"470","Dentro","2017.06.21 06:19:38",20.4,79,16.6,21,6,"N"
"471","Dentro","2017.06.21 06:29:38",20.4,79.1,16.6,21,6,"N"
"472","Dentro","2017.06.21 06:39:38",20.4,79.1,16.6,21,6,"N"
"473","Dentro","2017.06.21 06:49:38",20.4,78.9,16.6,21,6,"N"
"474","Dentro","2017.06.21 06:59:38",20.4,78.9,16.6,21,6,"N"
"475","Dentro","2017.06.21 07:09:38",20.5,78.7,16.7,21,7,"N"
"476","Dentro","2017.06.21 07:19:38",20.5,78.6,16.7,21,7,"N"
"477","Dentro","2017.06.21 07:29:38",20.7,78.6,16.8,21,7,"N"
"478","Dentro","2017.06.21 07:39:38",20.8,78.3,16.9,21,7,"N"
"479","Dentro","2017.06.21 07:49:38",21.1,78.1,17.2,21,7,"N"
"480","Dentro","2017.06.21 07:59:38",21.5,77.4,17.4,21,7,"N"
"481","Dentro","2017.06.21 08:09:38",21.7,76.9,17.5,21,8,"D"
"482","Dentro","2017.06.21 08:19:38",21.8,76.6,17.5,21,8,"D"
"483","Dentro","2017.06.21 08:29:38",21.8,76.3,17.5,21,8,"D"
"484","Dentro","2017.06.21 08:39:38",21.8,76.2,17.4,21,8,"D"
"485","Dentro","2017.06.21 08:49:38",21.9,76.1,17.5,21,8,"D"
"486","Dentro","2017.06.21 08:59:38",22.5,75.6,18,21,8,"D"
"487","Dentro","2017.06.21 09:09:38",22.6,74.8,17.9,21,9,"D"
"488","Dentro","2017.06.21 09:19:38",22.9,74.3,18,21,9,"D"
"489","Dentro","2017.06.21 09:29:38",23.1,73.9,18.2,21,9,"D"
"490","Dentro","2017.06.21 09:39:38",23.4,73.3,18.3,21,9,"D"
"491","Dentro","2017.06.21 09:49:38",23.7,72.8,18.6,21,9,"D"
"492","Dentro","2017.06.21 09:59:38",24.6,72.3,19.3,21,9,"D"
"493","Dentro","2017.06.21 10:09:38",26.3,69.9,20.3,21,10,"D"
"494","Dentro","2017.06.21 10:19:38",26.3,68,19.9,21,10,"D"
"495","Dentro","2017.06.21 10:29:38",27.3,66.3,20.5,21,10,"D"
"496","Dentro","2017.06.21 10:39:38",27.5,65.1,20.4,21,10,"D"
"497","Dentro","2017.06.21 10:49:38",28.4,63.9,20.9,21,10,"D"
"498","Dentro","2017.06.21 10:59:38",28.4,62.8,20.6,21,10,"D"
"499","Dentro","2017.06.21 11:09:38",28.5,62.1,20.6,21,11,"D"
"500","Dentro","2017.06.21 11:19:38",28.9,61.4,20.7,21,11,"D"
"501","Dentro","2017.06.21 11:29:38",29,60.7,20.6,21,11,"D"
"502","Dentro","2017.06.21 11:39:38",30,59.6,21.3,21,11,"D"
"503","Dentro","2017.06.21 11:49:38",31,57.6,21.7,21,11,"D"
"504","Dentro","2017.06.21 11:59:38",31.1,57.1,21.6,21,11,"D"
"505","Dentro","2017.06.21 12:09:38",31.8,56,21.9,21,12,"D"
"506","Dentro","2017.06.21 12:19:38",33.1,54.1,22.6,21,12,"D"
"507","Dentro","2017.06.21 12:29:38",33.3,52.7,22.3,21,12,"D"
"508","Dentro","2017.06.21 12:39:38",32.8,52.5,21.8,21,12,"D"
"509","Dentro","2017.06.21 12:49:38",32.8,52.2,21.7,21,12,"D"
"510","Dentro","2017.06.21 12:59:38",32.6,51.8,21.4,21,12,"D"
"511","Dentro","2017.06.21 13:09:38",32.3,52.2,21.2,21,13,"D"
"512","Dentro","2017.06.21 13:19:38",32,52.3,21,21,13,"D"
"513","Dentro","2017.06.21 13:29:38",32.3,52.5,21.3,21,13,"D"
"514","Dentro","2017.06.21 13:39:38",32,52.4,21,21,13,"D"
"515","Dentro","2017.06.21 13:49:38",32.6,51.8,21.4,21,13,"D"
"516","Dentro","2017.06.21 13:59:38",33.1,51.5,21.8,21,13,"D"
"517","Dentro","2017.06.21 14:09:38",34.1,51.1,22.6,21,14,"D"
"518","Dentro","2017.06.21 14:19:38",34.4,50.3,22.5,21,14,"D"
"519","Dentro","2017.06.21 14:29:38",33.5,49.9,21.6,21,14,"D"
"520","Dentro","2017.06.21 14:39:38",32.4,50.7,20.9,21,14,"D"
"521","Dentro","2017.06.21 14:49:38",31.8,51.8,20.6,21,14,"D"
"522","Dentro","2017.06.21 14:59:38",31,52.4,20.1,21,14,"D"
"523","Dentro","2017.06.21 15:09:38",30.5,53.2,20,21,15,"D"
"524","Dentro","2017.06.21 15:19:38",30.4,53.6,19.9,21,15,"D"
"525","Dentro","2017.06.21 15:29:38",30.6,53.8,20.2,21,15,"D"
"526","Dentro","2017.06.21 15:39:38",30.9,53.7,20.4,21,15,"D"
"527","Dentro","2017.06.21 15:49:38",30.9,53.3,20.3,21,15,"D"
"528","Dentro","2017.06.21 15:59:38",30,54.1,19.6,21,15,"D"
"529","Dentro","2017.06.21 16:09:38",29.1,55.1,19.2,21,16,"D"
"530","Dentro","2017.06.21 16:19:38",28.4,56.1,18.8,21,16,"D"
"531","Dentro","2017.06.21 16:29:38",28,57,18.7,21,16,"D"
"532","Dentro","2017.06.21 16:39:38",27.6,57.8,18.5,21,16,"D"
"533","Dentro","2017.06.21 16:49:38",27.3,58.6,18.5,21,16,"D"
"534","Dentro","2017.06.21 16:59:38",27,59.2,18.4,21,16,"D"
"535","Dentro","2017.06.21 17:09:38",26.8,59.8,18.3,21,17,"D"
"536","Dentro","2017.06.21 17:19:38",26.4,60.5,18.1,21,17,"D"
"537","Dentro","2017.06.21 17:29:38",26.1,61.1,18,21,17,"D"
"538","Dentro","2017.06.21 17:39:38",25.8,61.8,17.9,21,17,"D"
"539","Dentro","2017.06.21 17:49:38",25.4,62.5,17.7,21,17,"D"
"540","Dentro","2017.06.21 17:59:38",25.1,63.1,17.6,21,17,"D"
"541","Dentro","2017.06.21 18:09:38",24.8,63.8,17.5,21,18,"D"
"542","Dentro","2017.06.21 18:19:38",24.5,64.4,17.4,21,18,"D"
"543","Dentro","2017.06.21 18:29:38",24.3,65,17.3,21,18,"D"
"544","Dentro","2017.06.21 18:39:38",24.1,65.7,17.2,21,18,"D"
"545","Dentro","2017.06.21 18:49:38",23.9,66.5,17.3,21,18,"D"
"546","Dentro","2017.06.21 18:59:38",23.6,67.5,17.2,21,18,"D"
"547","Dentro","2017.06.21 19:09:38",23.4,68.2,17.2,21,19,"N"
"548","Dentro","2017.06.21 19:19:38",23.3,68.7,17.2,21,19,"N"
"549","Dentro","2017.06.21 19:29:38",23.1,69,17.1,21,19,"N"
"550","Dentro","2017.06.21 19:39:38",23,69.6,17.1,21,19,"N"
"551","Dentro","2017.06.21 19:49:38",22.8,70.3,17.1,21,19,"N"
"552","Dentro","2017.06.21 19:59:38",22.7,70.7,17.1,21,19,"N"
"553","Dentro","2017.06.21 20:09:38",22.6,71.1,17.1,21,20,"N"
"554","Dentro","2017.06.21 20:19:38",22.6,71.4,17.1,21,20,"N"
"555","Dentro","2017.06.21 20:29:38",22.5,71.9,17.1,21,20,"N"
"556","Dentro","2017.06.21 20:39:38",22.4,72.4,17.2,21,20,"N"
"557","Dentro","2017.06.21 20:49:38",22.3,72.8,17.2,21,20,"N"
"558","Dentro","2017.06.21 20:59:38",22.1,73.6,17.2,21,20,"N"
"559","Dentro","2017.06.21 21:09:38",21.9,74.3,17.1,21,21,"N"
"560","Dentro","2017.06.21 21:19:38",21.8,74.9,17.1,21,21,"N"
"561","Dentro","2017.06.21 21:29:38",21.7,75.4,17.1,21,21,"N"
"562","Dentro","2017.06.21 21:39:38",21.6,75.9,17.2,21,21,"N"
"563","Dentro","2017.06.21 21:49:38",21.5,76.2,17.2,21,21,"N"
"564","Dentro","2017.06.21 21:59:38",21.5,76.5,17.2,21,21,"N"
"565","Dentro","2017.06.21 22:09:38",21.4,76.7,17.1,21,22,"N"
"566","Dentro","2017.06.21 22:19:38",21.3,77.1,17.1,21,22,"N"
"567","Dentro","2017.06.21 22:29:38",21.2,77.2,17.1,21,22,"N"
"568","Dentro","2017.06.21 22:39:38",21.1,77.4,17,21,22,"N"
"569","Dentro","2017.06.21 22:49:38",21,77.7,17,21,22,"N"
"570","Dentro","2017.06.21 22:59:38",20.8,78,16.9,21,22,"N"
"571","Dentro","2017.06.21 23:09:38",20.7,78.5,16.8,21,23,"N"
"572","Dentro","2017.06.21 23:19:38",20.6,78.7,16.8,21,23,"N"
"573","Dentro","2017.06.21 23:29:38",20.5,79,16.7,21,23,"N"
"574","Dentro","2017.06.21 23:39:38",20.4,79.1,16.7,21,23,"N"
"575","Dentro","2017.06.21 23:49:38",20.3,79.2,16.6,21,23,"N"
"576","Dentro","2017.06.21 23:59:38",20.3,79.3,16.6,21,23,"N"
"577","Dentro","2017.06.22 00:09:38",20.3,79.4,16.6,22,0,"N"
"578","Dentro","2017.06.22 00:19:38",20.4,79.5,16.7,22,0,"N"
"579","Dentro","2017.06.22 00:29:38",20.4,79.5,16.7,22,0,"N"
"580","Dentro","2017.06.22 00:39:38",20.4,79.5,16.8,22,0,"N"
"581","Dentro","2017.06.22 00:49:38",20.4,79.5,16.8,22,0,"N"
"582","Dentro","2017.06.22 00:59:38",20.4,79.5,16.8,22,0,"N"
"583","Dentro","2017.06.22 01:09:38",20.4,79.5,16.7,22,1,"N"
"584","Dentro","2017.06.22 01:19:38",20.4,79.4,16.7,22,1,"N"
"585","Dentro","2017.06.22 01:29:38",20.4,79.5,16.7,22,1,"N"
"586","Dentro","2017.06.22 01:39:38",20.3,79.5,16.7,22,1,"N"
"587","Dentro","2017.06.22 01:49:38",20.4,79.6,16.7,22,1,"N"
"588","Dentro","2017.06.22 01:59:38",20.4,79.6,16.8,22,1,"N"
"589","Dentro","2017.06.22 02:09:38",20.5,79.6,16.8,22,2,"N"
"590","Dentro","2017.06.22 02:19:38",20.4,79.7,16.8,22,2,"N"
"591","Dentro","2017.06.22 02:29:38",20.5,79.8,16.8,22,2,"N"
"592","Dentro","2017.06.22 02:39:38",20.5,79.8,16.8,22,2,"N"
"593","Dentro","2017.06.22 02:49:38",20.5,79.8,16.9,22,2,"N"
"594","Dentro","2017.06.22 02:59:38",20.5,79.9,16.9,22,2,"N"
"595","Dentro","2017.06.22 03:09:38",20.5,79.9,16.9,22,3,"N"
"596","Dentro","2017.06.22 03:19:38",20.5,79.9,16.9,22,3,"N"
"597","Dentro","2017.06.22 03:29:38",20.5,79.9,16.9,22,3,"N"
"598","Dentro","2017.06.22 03:39:38",20.5,79.9,16.9,22,3,"N"
"599","Dentro","2017.06.22 03:49:38",20.5,79.9,16.9,22,3,"N"
"600","Dentro","2017.06.22 03:59:38",20.5,80,16.9,22,3,"N"
"601","Dentro","2017.06.22 04:09:38",20.5,80.1,16.9,22,4,"N"
"602","Dentro","2017.06.22 04:19:38",20.5,80.1,16.9,22,4,"N"
"603","Dentro","2017.06.22 04:29:38",20.5,80.1,16.9,22,4,"N"
"604","Dentro","2017.06.22 04:39:38",20.5,80.2,17,22,4,"N"
"605","Dentro","2017.06.22 04:49:38",20.5,80.2,17,22,4,"N"
"606","Dentro","2017.06.22 04:59:38",20.4,80.4,16.9,22,4,"N"
"607","Dentro","2017.06.22 05:09:38",20.4,80.4,16.9,22,5,"N"
"608","Dentro","2017.06.22 05:19:38",20.4,80.5,16.9,22,5,"N"
"609","Dentro","2017.06.22 05:29:38",20.4,80.6,17,22,5,"N"
"610","Dentro","2017.06.22 05:39:38",20.4,80.7,17,22,5,"N"
"611","Dentro","2017.06.22 05:49:38",20.2,81,16.9,22,5,"N"
"612","Dentro","2017.06.22 05:59:38",20.1,81.5,16.8,22,5,"N"
"613","Dentro","2017.06.22 06:09:38",20,81.8,16.8,22,6,"N"
"614","Dentro","2017.06.22 06:19:38",19.9,82.2,16.7,22,6,"N"
"615","Dentro","2017.06.22 06:29:38",19.6,82.8,16.6,22,6,"N"
"616","Dentro","2017.06.22 06:39:38",19.5,83.4,16.6,22,6,"N"
"617","Dentro","2017.06.22 06:49:38",19.4,83.9,16.6,22,6,"N"
"618","Dentro","2017.06.22 06:59:38",19.4,84.2,16.7,22,6,"N"
"619","Dentro","2017.06.22 07:09:38",19.5,84.2,16.8,22,7,"N"
"620","Dentro","2017.06.22 07:19:38",19.7,84.1,17,22,7,"N"
"621","Dentro","2017.06.22 07:29:38",19.9,83.8,17.1,22,7,"N"
"622","Dentro","2017.06.22 07:39:38",20.2,83.2,17.3,22,7,"N"
"623","Dentro","2017.06.22 07:49:38",20.5,82.9,17.5,22,7,"N"
"624","Dentro","2017.06.22 07:59:38",21,82.2,17.8,22,7,"N"
"625","Dentro","2017.06.22 08:09:38",21.4,81.2,18,22,8,"D"
"626","Dentro","2017.06.22 08:19:38",21.7,80.5,18.2,22,8,"D"
"627","Dentro","2017.06.22 08:29:38",21.9,79.5,18.2,22,8,"D"
"628","Dentro","2017.06.22 08:39:38",22.2,79,18.4,22,8,"D"
"629","Dentro","2017.06.22 08:49:38",22.6,78.4,18.7,22,8,"D"
"630","Dentro","2017.06.22 08:59:38",23,77.2,18.8,22,8,"D"
"631","Dentro","2017.06.22 09:09:38",23.6,76.5,19.2,22,9,"D"
"632","Dentro","2017.06.22 09:19:38",24.1,75.3,19.5,22,9,"D"
"633","Dentro","2017.06.22 09:29:38",24.4,74.2,19.5,22,9,"D"
"634","Dentro","2017.06.22 09:39:38",24.6,73.5,19.5,22,9,"D"
"635","Dentro","2017.06.22 09:49:38",24.8,72.7,19.6,22,9,"D"
"636","Dentro","2017.06.22 09:59:38",25.4,72.4,20.1,22,9,"D"
"637","Dentro","2017.06.22 10:09:38",26.2,70.7,20.4,22,10,"D"
"638","Dentro","2017.06.22 10:19:38",26.5,69.6,20.5,22,10,"D"
"639","Dentro","2017.06.22 10:29:38",27.4,68.4,21,22,10,"D"
"640","Dentro","2017.06.22 10:39:38",28.1,67,21.4,22,10,"D"
"641","Dentro","2017.06.22 10:49:38",28.8,65.1,21.5,22,10,"D"
"642","Dentro","2017.06.22 10:59:38",29.2,64.1,21.7,22,10,"D"
"643","Dentro","2017.06.22 11:09:38",29.5,63,21.7,22,11,"D"
"644","Dentro","2017.06.22 11:19:38",30,61.8,21.8,22,11,"D"
"645","Dentro","2017.06.22 11:29:38",30,60.8,21.6,22,11,"D"
"646","Dentro","2017.06.22 11:39:38",30.1,60.1,21.5,22,11,"D"
"647","Dentro","2017.06.22 11:49:38",30.1,59.6,21.4,22,11,"D"
"648","Dentro","2017.06.22 11:59:38",30.5,59.4,21.6,22,11,"D"
"649","Dentro","2017.06.22 12:09:38",30.7,58.3,21.6,22,12,"D"
"650","Dentro","2017.06.22 12:19:38",31.2,57.2,21.8,22,12,"D"
"651","Dentro","2017.06.22 12:29:38",31.3,57.3,21.8,22,12,"D"
"652","Dentro","2017.06.22 12:39:38",31.1,56.9,21.5,22,12,"D"
"653","Dentro","2017.06.22 12:49:38",31.3,56.9,21.7,22,12,"D"
"654","Dentro","2017.06.22 12:59:38",30.9,56.4,21.3,22,12,"D"
"655","Dentro","2017.06.22 13:09:38",30.7,56.4,21,22,13,"D"
"656","Dentro","2017.06.22 13:19:38",30.7,56.7,21.1,22,13,"D"
"657","Dentro","2017.06.22 13:29:38",31.7,56.4,21.9,22,13,"D"
"658","Dentro","2017.06.22 13:39:38",33,54,22.4,22,13,"D"
"659","Dentro","2017.06.22 13:49:38",33.3,53.5,22.6,22,13,"D"
"660","Dentro","2017.06.22 13:59:38",33.3,52.5,22.3,22,13,"D"
"661","Dentro","2017.06.22 14:09:38",33,52.8,22,22,14,"D"
"662","Dentro","2017.06.22 14:19:38",34,52.2,22.8,22,14,"D"
"663","Dentro","2017.06.22 14:29:38",35.2,50.2,23.2,22,14,"D"
"664","Dentro","2017.06.22 14:39:38",34.9,50.1,23,22,14,"D"
"665","Dentro","2017.06.22 14:49:38",34.8,50.1,22.8,22,14,"D"
"666","Dentro","2017.06.22 14:59:38",34.9,49.7,22.8,22,14,"D"
"667","Dentro","2017.06.22 15:09:38",34.9,49,22.6,22,15,"D"
"668","Dentro","2017.06.22 15:19:38",34.8,49,22.5,22,15,"D"
"669","Dentro","2017.06.22 15:29:38",35.2,48.8,22.8,22,15,"D"
"670","Dentro","2017.06.22 15:39:38",35.3,48.2,22.7,22,15,"D"
"671","Dentro","2017.06.22 15:49:38",36,47.5,23.1,22,15,"D"
"672","Dentro","2017.06.22 15:59:38",36.7,46.7,23.5,22,15,"D"
"673","Dentro","2017.06.22 16:09:38",36.8,45.4,23,22,16,"D"
"674","Dentro","2017.06.22 16:19:38",36.7,45.3,22.9,22,16,"D"
"675","Dentro","2017.06.22 16:29:38",35.9,45.4,22.3,22,16,"D"
"676","Dentro","2017.06.22 16:39:38",35.2,45.8,21.7,22,16,"D"
"677","Dentro","2017.06.22 16:49:38",34.5,47.1,21.6,22,16,"D"
"678","Dentro","2017.06.22 16:59:38",33.2,47.9,20.7,22,16,"D"
"679","Dentro","2017.06.22 17:09:38",30.9,50.3,19.4,22,17,"D"
"680","Dentro","2017.06.22 17:19:38",29.7,52.4,18.9,22,17,"D"
"681","Dentro","2017.06.22 17:29:38",28.4,54.6,18.4,22,17,"D"
"682","Dentro","2017.06.22 17:39:38",27.5,55.8,17.9,22,17,"D"
"683","Dentro","2017.06.22 17:49:38",26.6,57.5,17.5,22,17,"D"
"684","Dentro","2017.06.22 17:59:38",25.6,59.3,17.1,22,17,"D"
"685","Dentro","2017.06.22 18:09:38",25,60.6,16.9,22,18,"D"
"686","Dentro","2017.06.22 18:19:38",24.4,61.9,16.6,22,18,"D"
"687","Dentro","2017.06.22 18:29:38",23.9,63.1,16.5,22,18,"D"
"688","Dentro","2017.06.22 18:39:38",23.5,64.2,16.4,22,18,"D"
"689","Dentro","2017.06.22 18:49:38",23.2,65.1,16.3,22,18,"D"
"690","Dentro","2017.06.22 18:59:38",22.9,65.9,16.2,22,18,"D"
"691","Dentro","2017.06.22 19:09:38",22.7,66.6,16.2,22,19,"N"
"692","Dentro","2017.06.22 19:19:38",22.6,67.2,16.2,22,19,"N"
"693","Dentro","2017.06.22 19:29:38",22.6,67.8,16.3,22,19,"N"
"694","Dentro","2017.06.22 19:39:38",22.5,68.3,16.3,22,19,"N"
"695","Dentro","2017.06.22 19:49:38",22.3,68.9,16.3,22,19,"N"
"696","Dentro","2017.06.22 19:59:38",22.2,69.2,16.3,22,19,"N"
"697","Dentro","2017.06.22 20:09:38",22.1,69.6,16.2,22,20,"N"
"698","Dentro","2017.06.22 20:19:38",21.9,70.1,16.2,22,20,"N"
"699","Dentro","2017.06.22 20:29:38",21.8,70.7,16.2,22,20,"N"
"700","Dentro","2017.06.22 20:39:38",21.7,71.3,16.2,22,20,"N"
"701","Dentro","2017.06.22 20:49:38",21.6,71.8,16.3,22,20,"N"
"702","Dentro","2017.06.22 20:59:38",21.5,72.3,16.3,22,20,"N"
"703","Dentro","2017.06.22 21:09:38",21.3,72.9,16.2,22,21,"N"
"704","Dentro","2017.06.22 21:19:38",21.1,73.3,16.2,22,21,"N"
"705","Dentro","2017.06.22 21:29:38",21,73.8,16.1,22,21,"N"
"706","Dentro","2017.06.22 21:39:38",20.8,74.3,16.1,22,21,"N"
"707","Dentro","2017.06.22 21:49:38",20.7,74.7,16,22,21,"N"
"708","Dentro","2017.06.22 21:59:38",20.5,75,15.9,22,21,"N"
"709","Dentro","2017.06.22 22:09:38",20.4,75.1,15.8,22,22,"N"
"710","Dentro","2017.06.22 22:19:38",20.2,75.3,15.7,22,22,"N"
"711","Dentro","2017.06.22 22:29:38",20.1,75.5,15.6,22,22,"N"
"712","Dentro","2017.06.22 22:39:38",20,75.8,15.6,22,22,"N"
"713","Dentro","2017.06.22 22:49:38",19.9,75.8,15.5,22,22,"N"
"714","Dentro","2017.06.22 22:59:38",19.9,75.8,15.5,22,22,"N"
"715","Dentro","2017.06.22 23:09:38",19.8,75.9,15.4,22,23,"N"
"716","Dentro","2017.06.22 23:19:38",19.7,76,15.4,22,23,"N"
"717","Dentro","2017.06.22 23:29:38",19.7,76.3,15.4,22,23,"N"
"718","Dentro","2017.06.22 23:39:38",19.6,76.5,15.4,22,23,"N"
"719","Dentro","2017.06.22 23:49:38",19.6,76.8,15.4,22,23,"N"
"720","Dentro","2017.06.22 23:59:38",19.5,77,15.4,22,23,"N"
"721","Dentro","2017.06.23 00:09:38",19.4,77.3,15.4,23,0,"N"
"722","Dentro","2017.06.23 00:19:38",19.4,77.6,15.4,23,0,"N"
"723","Dentro","2017.06.23 00:29:38",19.3,78,15.4,23,0,"N"
"724","Dentro","2017.06.23 00:39:38",19.3,78.3,15.4,23,0,"N"
"725","Dentro","2017.06.23 00:49:38",19.2,78.5,15.4,23,0,"N"
"726","Dentro","2017.06.23 00:59:38",19.1,78.7,15.4,23,0,"N"
"727","Dentro","2017.06.23 01:09:38",19.1,78.9,15.3,23,1,"N"
"728","Dentro","2017.06.23 01:19:38",19,79.1,15.3,23,1,"N"
"729","Dentro","2017.06.23 01:29:38",19.1,79.4,15.5,23,1,"N"
"730","Dentro","2017.06.23 01:39:38",19.2,79.4,15.5,23,1,"N"
"731","Dentro","2017.06.23 01:49:38",19.2,79.6,15.6,23,1,"N"
"732","Dentro","2017.06.23 01:59:38",19.4,79.5,15.7,23,1,"N"
"733","Dentro","2017.06.23 02:09:38",19.3,79.5,15.6,23,2,"N"
"734","Dentro","2017.06.23 02:19:38",19.3,79.8,15.7,23,2,"N"
"735","Dentro","2017.06.23 02:29:38",19.4,79.8,15.8,23,2,"N"
"736","Dentro","2017.06.23 02:39:38",19.5,79.7,15.9,23,2,"N"
"737","Dentro","2017.06.23 02:49:38",19.6,79.6,16,23,2,"N"
"738","Dentro","2017.06.23 02:59:38",19.7,79.5,16.1,23,2,"N"
"739","Dentro","2017.06.23 03:09:38",19.8,79.4,16.1,23,3,"N"
"740","Dentro","2017.06.23 03:19:38",19.8,79.3,16.1,23,3,"N"
"741","Dentro","2017.06.23 03:29:38",19.9,79.3,16.2,23,3,"N"
"742","Dentro","2017.06.23 03:39:38",19.9,79.2,16.2,23,3,"N"
"743","Dentro","2017.06.23 03:49:38",19.9,79.2,16.2,23,3,"N"
"744","Dentro","2017.06.23 03:59:38",20,79.2,16.2,23,3,"N"
"745","Dentro","2017.06.23 04:09:38",19.9,79.3,16.2,23,4,"N"
"746","Dentro","2017.06.23 04:19:38",19.9,79.3,16.2,23,4,"N"
"747","Dentro","2017.06.23 04:29:38",19.9,79.4,16.3,23,4,"N"
"748","Dentro","2017.06.23 04:39:38",20,79.4,16.3,23,4,"N"
"749","Dentro","2017.06.23 04:49:38",20,79.4,16.3,23,4,"N"
"750","Dentro","2017.06.23 04:59:38",20,79.4,16.3,23,4,"N"
"751","Dentro","2017.06.23 05:09:38",20,79.3,16.3,23,5,"N"
"752","Dentro","2017.06.23 05:19:38",19.9,79.3,16.3,23,5,"N"
"753","Dentro","2017.06.23 05:29:38",19.9,79.3,16.2,23,5,"N"
"754","Dentro","2017.06.23 05:39:38",19.9,79.3,16.2,23,5,"N"
"755","Dentro","2017.06.23 05:49:38",19.9,79.4,16.2,23,5,"N"
"756","Dentro","2017.06.23 05:59:38",19.9,79.4,16.2,23,5,"N"
"757","Dentro","2017.06.23 06:09:38",19.8,79.5,16.2,23,6,"N"
"758","Dentro","2017.06.23 06:19:38",19.8,79.5,16.2,23,6,"N"
"759","Dentro","2017.06.23 06:29:38",19.8,79.5,16.2,23,6,"N"
"760","Dentro","2017.06.23 06:39:38",19.8,79.5,16.2,23,6,"N"
"761","Dentro","2017.06.23 06:49:38",19.9,79.5,16.2,23,6,"N"
"762","Dentro","2017.06.23 06:59:38",19.9,79.4,16.3,23,6,"N"
"763","Dentro","2017.06.23 07:09:38",20,79.4,16.4,23,7,"N"
"764","Dentro","2017.06.23 07:19:38",20.2,79.1,16.5,23,7,"N"
"765","Dentro","2017.06.23 07:29:38",20.3,78.9,16.6,23,7,"N"
"766","Dentro","2017.06.23 07:39:38",20.5,78.6,16.7,23,7,"N"
"767","Dentro","2017.06.23 07:49:38",20.8,78.4,16.9,23,7,"N"
"768","Dentro","2017.06.23 07:59:38",21.1,78,17.1,23,7,"N"
"769","Dentro","2017.06.23 08:09:38",21.3,77.7,17.2,23,8,"D"
"770","Dentro","2017.06.23 08:19:38",21.4,77.3,17.3,23,8,"D"
"771","Dentro","2017.06.23 08:29:38",21.6,76.8,17.3,23,8,"D"
"772","Dentro","2017.06.23 08:39:38",21.8,76.6,17.5,23,8,"D"
"773","Dentro","2017.06.23 08:49:38",22,76.1,17.6,23,8,"D"
"774","Dentro","2017.06.23 08:59:38",22.4,75.6,17.8,23,8,"D"
"775","Dentro","2017.06.23 09:09:38",22.7,75.2,18.1,23,9,"D"
"776","Dentro","2017.06.23 09:19:38",23,74.8,18.3,23,9,"D"
"777","Dentro","2017.06.23 09:29:38",24.4,73.8,19.4,23,9,"D"
"778","Dentro","2017.06.23 09:39:38",25.7,71.6,20.2,23,9,"D"
"779","Dentro","2017.06.23 09:49:38",26.8,69.8,20.9,23,9,"D"
"780","Dentro","2017.06.23 09:59:38",27.3,67.6,20.8,23,9,"D"
"781","Dentro","2017.06.23 10:09:38",27.6,66.5,20.8,23,10,"D"
"782","Dentro","2017.06.23 10:19:38",27.9,65.8,20.9,23,10,"D"
"783","Dentro","2017.06.23 10:29:38",28.3,64.4,20.9,23,10,"D"
"784","Dentro","2017.06.23 10:39:38",27.8,63.8,20.3,23,10,"D"
"785","Dentro","2017.06.23 10:49:38",27.7,63.9,20.3,23,10,"D"
"786","Dentro","2017.06.23 10:59:38",27.7,63.6,20.2,23,10,"D"
"787","Dentro","2017.06.23 11:09:38",28,63.4,20.4,23,11,"D"
"788","Dentro","2017.06.23 11:19:38",28.4,62.9,20.7,23,11,"D"
"789","Dentro","2017.06.23 11:29:38",29.2,62.4,21.3,23,11,"D"
"790","Dentro","2017.06.23 11:39:38",29.7,60.9,21.4,23,11,"D"
"791","Dentro","2017.06.23 11:49:38",30.5,59.4,21.6,23,11,"D"
"792","Dentro","2017.06.23 11:59:38",31.4,58.8,22.4,23,11,"D"
"793","Dentro","2017.06.23 12:09:38",31.2,57.6,21.9,23,12,"D"
"794","Dentro","2017.06.23 12:19:38",31.5,57.5,22.1,23,12,"D"
"795","Dentro","2017.06.23 12:29:38",31.9,56.6,22.2,23,12,"D"
"796","Dentro","2017.06.23 12:39:38",31.6,56.2,21.8,23,12,"D"
"797","Dentro","2017.06.23 12:49:38",31.8,56.1,21.9,23,12,"D"
"798","Dentro","2017.06.23 12:59:38",31.6,56.3,21.9,23,12,"D"
"799","Dentro","2017.06.23 13:09:38",31.4,55.7,21.5,23,13,"D"
"800","Dentro","2017.06.23 13:19:38",31.4,56,21.6,23,13,"D"
"801","Dentro","2017.06.23 13:29:38",32.3,55.7,22.3,23,13,"D"
"802","Dentro","2017.06.23 13:39:38",33.3,54,22.8,23,13,"D"
"803","Dentro","2017.06.23 13:49:38",34,52.5,22.9,23,13,"D"
"804","Dentro","2017.06.23 13:59:38",34.7,51.5,23.3,23,13,"D"
"805","Dentro","2017.06.23 14:09:38",34.1,51.5,22.7,23,14,"D"
"806","Dentro","2017.06.23 14:19:38",35.2,50.9,23.5,23,14,"D"
"807","Dentro","2017.06.23 14:29:38",36.3,49.2,24,23,14,"D"
"808","Dentro","2017.06.23 14:39:38",36,48.5,23.5,23,14,"D"
"809","Dentro","2017.06.23 14:49:38",35.1,48.7,22.6,23,14,"D"
"810","Dentro","2017.06.23 14:59:38",35.2,49.1,22.9,23,14,"D"
"811","Dentro","2017.06.23 15:09:38",35.6,48.6,23.1,23,15,"D"
"812","Dentro","2017.06.23 15:19:38",35.5,48,22.8,23,15,"D"
"813","Dentro","2017.06.23 15:29:38",35.8,48.1,23.1,23,15,"D"
"814","Dentro","2017.06.23 15:39:38",36.4,47.5,23.5,23,15,"D"
"815","Dentro","2017.06.23 15:49:38",37.2,46.5,23.8,23,15,"D"
"816","Dentro","2017.06.23 15:59:38",38.2,45.4,24.3,23,15,"D"
"817","Dentro","2017.06.23 16:09:38",38.1,44.8,24,23,16,"D"
"818","Dentro","2017.06.23 16:19:38",37.8,44.4,23.6,23,16,"D"
"819","Dentro","2017.06.23 16:29:38",37.3,44.5,23.2,23,16,"D"
"820","Dentro","2017.06.23 16:39:38",37,44.8,23,23,16,"D"
"821","Dentro","2017.06.23 16:49:38",36.1,45.5,22.4,23,16,"D"
"822","Dentro","2017.06.23 16:59:38",35,46.2,21.7,23,16,"D"
"823","Dentro","2017.06.23 17:09:38",33.3,48.2,20.8,23,17,"D"
"824","Dentro","2017.06.23 17:19:38",31.5,50.2,19.9,23,17,"D"
"825","Dentro","2017.06.23 17:29:38",30.4,52.6,19.7,23,17,"D"
"826","Dentro","2017.06.23 17:39:38",29.3,54.1,19.1,23,17,"D"
"827","Dentro","2017.06.23 17:49:38",28.2,55.8,18.6,23,17,"D"
"828","Dentro","2017.06.23 17:59:38",27.5,57.4,18.3,23,17,"D"
"829","Dentro","2017.06.23 18:09:38",26.6,58.9,17.9,23,18,"D"
"830","Dentro","2017.06.23 18:19:38",25.8,60.5,17.6,23,18,"D"
"831","Dentro","2017.06.23 18:29:38",25.2,61.8,17.3,23,18,"D"
"832","Dentro","2017.06.23 18:39:38",24.6,62.9,17,23,18,"D"
"833","Dentro","2017.06.23 18:49:38",24.1,64,16.9,23,18,"D"
"834","Dentro","2017.06.23 18:59:38",23.6,64.9,16.6,23,18,"D"
"835","Dentro","2017.06.23 19:09:38",23.3,65.7,16.5,23,19,"N"
"836","Dentro","2017.06.23 19:19:38",23,66.5,16.4,23,19,"N"
"837","Dentro","2017.06.23 19:29:38",22.8,67.2,16.4,23,19,"N"
"838","Dentro","2017.06.23 19:39:38",22.6,67.8,16.4,23,19,"N"
"839","Dentro","2017.06.23 19:49:38",22.4,68.3,16.3,23,19,"N"
"840","Dentro","2017.06.23 19:59:38",22.2,69,16.2,23,19,"N"
"841","Dentro","2017.06.23 20:09:38",22,69.6,16.2,23,20,"N"
"842","Dentro","2017.06.23 20:19:38",21.9,70,16.2,23,20,"N"
"843","Dentro","2017.06.23 20:29:38",21.8,70.7,16.2,23,20,"N"
"844","Dentro","2017.06.23 20:39:38",21.6,71.1,16.2,23,20,"N"
"845","Dentro","2017.06.23 20:49:38",21.5,71.7,16.2,23,20,"N"
"846","Dentro","2017.06.23 20:59:38",21.4,72.2,16.2,23,20,"N"
"847","Dentro","2017.06.23 21:09:38",21.4,72.7,16.3,23,21,"N"
"848","Dentro","2017.06.23 21:19:38",21.3,73.1,16.3,23,21,"N"
"849","Dentro","2017.06.23 21:29:38",21.3,73.4,16.3,23,21,"N"
"850","Dentro","2017.06.23 21:39:38",21.2,73.8,16.4,23,21,"N"
"851","Dentro","2017.06.23 21:49:38",21.2,74.2,16.4,23,21,"N"
"852","Dentro","2017.06.23 21:59:38",21.1,74.6,16.4,23,21,"N"
"853","Dentro","2017.06.23 22:09:38",21.1,75,16.5,23,22,"N"
"854","Dentro","2017.06.23 22:19:38",21,75.4,16.5,23,22,"N"
"855","Dentro","2017.06.23 22:29:38",20.9,75.7,16.5,23,22,"N"
"856","Dentro","2017.06.23 22:39:38",20.8,76,16.5,23,22,"N"
"857","Dentro","2017.06.23 22:49:38",20.8,76.2,16.4,23,22,"N"
"858","Dentro","2017.06.23 22:59:38",20.6,76.5,16.4,23,22,"N"
"859","Dentro","2017.06.23 23:09:38",20.6,76.7,16.3,23,23,"N"
"860","Dentro","2017.06.23 23:19:38",20.5,77,16.3,23,23,"N"
"861","Dentro","2017.06.23 23:29:38",20.4,77.1,16.3,23,23,"N"
"862","Dentro","2017.06.23 23:39:38",20.4,77.2,16.2,23,23,"N"
"863","Dentro","2017.06.23 23:49:38",20.3,77.3,16.2,23,23,"N"
"864","Dentro","2017.06.23 23:59:38",20.4,77.4,16.3,23,23,"N"
